code,term
39707511000001103,Kaolin light 1.5g/5ml / Codeine 5mg/5ml oral suspension sugar free
4721411000001103,Kaodene oral suspension
14610811000001109,Kaolin and Morphine mixture
3237311000001109,Kaolin and Morphine mixture
3239711000001100,Kaolin and Morphine mixture
18507411000001102,Kaolin and Morphine mixture
3237811000001100,Kaolin and Morphine mixture
9828611000001109,Kaolin and Morphine mixture
11784911000001109,Kaolin and Morphine mixture
3238211000001102,Kaolin and Morphine mixture
4032811000001105,Generic Diocalm Dual Action chewable tablets
4367211000001103,Generic J Collis Browne's tablets
4999811000001103,Generic Opazimes chewable tablets
3991511000001104,Diocalm Dual Action chewable tablets
4362711000001108,J Collis Browne's tablets
4986211000001109,Opazimes chewable tablets
15065911000001106,Codeine 15mg/5ml linctus
108011000001105,Codeine 15mg/5ml linctus
257111000001103,Codeine 15mg/5ml linctus
14775111000001108,Codeine 15mg/5ml linctus
9829911000001106,Codeine 15mg/5ml linctus
15215911000001101,Codeine 15mg/5ml linctus
833011000001102,Codeine 15mg/5ml linctus
149311000001106,Codeine 15mg/5ml linctus
22082211000001106,Codeine 15mg/5ml linctus
35370211000001104,Codeine 3mg/5ml linctus paediatric
5226111000001104,Codeine 3mg/5ml linctus paediatric
38896411000001100,Codeine 15mg/5ml linctus sugar free
3445711000001102,Codeine 15mg/5ml linctus sugar free
3447811000001100,Codeine 15mg/5ml linctus sugar free
22639111000001106,Codeine 15mg/5ml linctus sugar free
3447111000001107,Codeine 15mg/5ml linctus sugar free
38860011000001108,Codeine 15mg/5ml linctus sugar free
23652611000001104,Codeine 15mg/5ml linctus sugar free
18953111000001102,Codeine 15mg/5ml linctus sugar free
15216111000001105,Codeine 15mg/5ml linctus sugar free
3448511000001104,Codeine 15mg/5ml linctus sugar free
3446711000001105,Codeine 15mg/5ml linctus sugar free
3336311000001100,Codeine 3mg/5ml linctus paediatric sugar free
3446911000001107,Galcodine 15mg/5ml linctus
2979711000001105,Galcodine 3mg/5ml linctus paediatric
11719411000001100,Diamorphine 2.5mg/5ml oral solution
11662811000001103,Diamorphine 2.5mg/5ml oral solution
11719011000001109,Diamorphine 1.25mg/5ml oral solution
11659711000001106,Diamorphine 1.25mg/5ml oral solution
11720111000001106,Diamorphine 3mg/5ml oral solution
11666611000001101,Diamorphine 3mg/5ml oral solution
11719911000001108,Diamorphine 2mg/5ml oral solution
11665211000001109,Diamorphine 2mg/5ml oral solution
36123011000001106,Methadone 2mg/5ml linctus
3865511000001109,Methadone 2mg/5ml linctus
3866711000001107,Methadone 2mg/5ml linctus
3866111000001106,Methadone 2mg/5ml linctus
36049111000001100,Ipecacuanha and Morphine mixture BP 1980
19271211000001105,Ipecacuanha and Morphine mixture BP 1980
4651111000001102,Generic Dimotane Co oral solution sugar free
4660711000001101,Generic Dimotane Co oral solution paediatric sugar free
4647211000001101,Dimotane Co oral solution sugar free
4646411000001104,Dimotane Co oral solution paediatric sugar free
4957811000001103,Terpin 32.5mg/5ml / Codeine 16mg/5ml linctus
4942811000001104,Terpin 32.5mg/5ml / Codeine 16mg/5ml linctus
15230611000001106,Terpin 32.5mg/5ml / Codeine 16mg/5ml linctus
4943111000001100,Terpin 32.5mg/5ml / Codeine 16mg/5ml linctus
322307006,Co-codamol 8mg/500mg tablets
35671811000001104,Co-codamol 8mg/500mg caplets
30772511000001106,Co-codamol 8mg/500mg caplets
22633511000001104,Co-codamol 8mg/500mg caplets
32399311000001108,Co-codamol 8mg/500mg caplets
11579211000001107,Co-codamol 8mg/500mg caplets
31920011000001102,Co-codamol 8mg/500mg caplets
660011000001106,Co-codamol 8mg/500mg tablets
35689011000001101,Co-codamol 8mg/500mg tablets
165011000001101,Co-codamol 8mg/500mg tablets
585411000001100,Co-codamol 8mg/500mg tablets
15162411000001100,Co-codamol 8mg/500mg tablets
10398111000001105,Co-codamol 8mg/500mg tablets
264411000001106,Co-codamol 8mg/500mg tablets
14802711000001106,Co-codamol 8mg/500mg tablets
15990111000001107,Co-codamol 8mg/500mg tablets
28984411000001104,Co-codamol 8mg/500mg tablets
22637011000001101,Co-codamol 8mg/500mg tablets
809211000001101,Co-codamol 8mg/500mg tablets
244711000001106,Co-codamol 8mg/500mg tablets
7929711000001108,Co-codamol 8mg/500mg tablets
24033811000001100,Co-codamol 8mg/500mg tablets
30016911000001107,Co-codamol 8mg/500mg tablets
38855311000001108,Co-codamol 8mg/500mg tablets
15367411000001108,Co-codamol 8mg/500mg tablets
11211000001100,Co-codamol 8mg/500mg tablets
17886211000001106,Co-codamol 8mg/500mg tablets
15215311000001102,Co-codamol 8mg/500mg tablets
517411000001109,Co-codamol 8mg/500mg tablets
816111000001101,Co-codamol 8mg/500mg tablets
13746611000001106,Co-codamol 8mg/500mg tablets
5020311000001105,Co-codamol 8mg/500mg tablets
330611000001103,Co-codamol 8mg/500mg tablets
22388511000001105,Co-codamol 8mg/500mg tablets
18145611000001105,Co-codamol 8mg/500mg tablets
929711000001105,Co-codamol 8mg/500mg tablets
322344006,Co-codamol 8mg/500mg capsules
13367311000001107,Co-codamol 8mg/500mg capsules
12872711000001106,Co-codamol 8mg/500mg capsules
14286711000001102,Co-codamol 8mg/500mg capsules
15611011000001104,Co-codamol 8mg/500mg capsules
22633911000001106,Co-codamol 8mg/500mg capsules
32401911000001104,Co-codamol 8mg/500mg capsules
40508211000001101,Co-codamol 8mg/500mg capsules
38854911000001105,Co-codamol 8mg/500mg capsules
17886511000001109,Co-codamol 8mg/500mg capsules
29795811000001108,Co-codamol 8mg/500mg capsules
22010911000001104,Co-codamol 8mg/500mg capsules
40033711000001109,Co-codamol 8mg/500mg capsules
322343000,Co-codamol 8mg/500mg effervescent tablets
5911000001108,Co-codamol 8mg/500mg effervescent tablets
15737811000001102,Co-codamol 8mg/500mg effervescent tablets
242111000001102,Co-codamol 8mg/500mg effervescent tablets
9788211000001101,Co-codamol 8mg/500mg effervescent tablets
10900011000001100,Co-codamol 8mg/500mg effervescent tablets
22634411000001100,Co-codamol 8mg/500mg effervescent tablets
18067711000001109,Co-codamol 8mg/500mg effervescent tablets
709211000001103,Co-codamol 8mg/500mg effervescent tablets
17055111000001102,Co-codamol 8mg/500mg effervescent tablets
30017511000001103,Co-codamol 8mg/500mg effervescent tablets
38854711000001108,Co-codamol 8mg/500mg effervescent tablets
15123111000001106,Co-codamol 8mg/500mg effervescent tablets
23652311000001109,Co-codamol 8mg/500mg effervescent tablets
928611000001105,Co-codamol 8mg/500mg effervescent tablets
15214611000001106,Co-codamol 8mg/500mg effervescent tablets
8990311000001104,Co-codamol 8mg/500mg effervescent tablets
358311000001106,Co-codamol 8mg/500mg effervescent tablets
18870211000001109,Co-codamol 8mg/500mg effervescent tablets
566311000001104,Co-codamol 8mg/500mg effervescent tablets
22032011000001109,Co-codamol 8mg/500mg effervescent tablets
394411000001102,Co-codamol 8mg/500mg effervescent tablets
322366004,Co-codamol 30mg/500mg capsules
727611000001100,Co-codamol 30mg/500mg capsules
11005911000001106,Co-codamol 30mg/500mg capsules
16425811000001104,Co-codamol 30mg/500mg capsules
8825111000001108,Co-codamol 30mg/500mg capsules
14116311000001101,Co-codamol 30mg/500mg capsules
22633711000001109,Co-codamol 30mg/500mg capsules
9480411000001107,Co-codamol 30mg/500mg capsules
4006711000001107,Co-codamol 30mg/500mg capsules
38859811000001101,Co-codamol 30mg/500mg capsules
17886711000001104,Co-codamol 30mg/500mg capsules
15080211000001109,Co-codamol 30mg/500mg capsules
9626911000001109,Co-codamol 30mg/500mg capsules
9479611000001105,Co-codamol 30mg/500mg capsules
22011311000001105,Co-codamol 30mg/500mg capsules
10822611000001105,Co-codamol 30mg/500mg capsules
322365000,Co-codamol 30mg/500mg effervescent tablets
7382511000001107,Co-codamol 30mg/500mg effervescent tablets
40562211000001102,Co-codamol 30mg/500mg effervescent tablets
15447311000001100,Co-codamol 30mg/500mg effervescent tablets
20352211000001105,Co-codamol 30mg/500mg effervescent tablets
5468911000001108,Co-codamol 30mg/500mg effervescent tablets
11403111000001102,Co-codamol 30mg/500mg effervescent tablets
22634611000001102,Co-codamol 30mg/500mg effervescent tablets
18068111000001109,Co-codamol 30mg/500mg effervescent tablets
5628211000001108,Co-codamol 30mg/500mg effervescent tablets
30017711000001108,Co-codamol 30mg/500mg effervescent tablets
38858911000001103,Co-codamol 30mg/500mg effervescent tablets
17886911000001102,Co-codamol 30mg/500mg effervescent tablets
15093111000001109,Co-codamol 30mg/500mg effervescent tablets
14167611000001107,Co-codamol 30mg/500mg effervescent tablets
31008611000001109,Co-codamol 30mg/500mg effervescent tablets
9554511000001103,Co-codamol 30mg/500mg effervescent tablets
22032611000001102,Co-codamol 30mg/500mg effervescent tablets
15969011000001100,Co-codamol 30mg/500mg effervescent tablets
5468611000001102,Co-codamol 30mg/500mg effervescent tablets
322341003,Co-codamol 30mg/500mg tablets
22785311000001107,Co-codamol 30mg/500mg caplets
23260511000001108,Co-codamol 30mg/500mg caplets
22786711000001103,Co-codamol 30mg/500mg caplets
20545311000001107,Co-codamol 30mg/500mg caplets
22633311000001105,Co-codamol 30mg/500mg caplets
22393711000001105,Co-codamol 30mg/500mg caplets
8095111000001103,Co-codamol 30mg/500mg caplets
30029611000001102,Co-codamol 30mg/500mg caplets
38858011000001102,Co-codamol 30mg/500mg caplets
23651811000001109,Co-codamol 30mg/500mg caplets
22010711000001101,Co-codamol 30mg/500mg caplets
32474211000001102,Co-codamol 30mg/500mg caplets
549811000001105,Co-codamol 30mg/500mg tablets
9604211000001103,Co-codamol 30mg/500mg tablets
292811000001100,Co-codamol 30mg/500mg tablets
9788511000001103,Co-codamol 30mg/500mg tablets
10398311000001107,Co-codamol 30mg/500mg tablets
21032311000001106,Co-codamol 30mg/500mg tablets
22636411000001108,Co-codamol 30mg/500mg tablets
4868911000001106,Co-codamol 30mg/500mg tablets
188911000001105,Co-codamol 30mg/500mg tablets
24033511000001103,Co-codamol 30mg/500mg tablets
30017211000001101,Co-codamol 30mg/500mg tablets
38857311000001100,Co-codamol 30mg/500mg tablets
17887211000001108,Co-codamol 30mg/500mg tablets
7259811000001100,Co-codamol 30mg/500mg tablets
29795511000001105,Co-codamol 30mg/500mg tablets
9627111000001109,Co-codamol 30mg/500mg tablets
36860511000001106,Co-codamol 30mg/500mg tablets
9326411000001107,Co-codamol 30mg/500mg tablets
22034211000001108,Co-codamol 30mg/500mg tablets
352411000001101,Co-codamol 30mg/500mg tablets
855111000001101,Co-codamol 30mg/500mg tablets
3805611000001109,Co-codamol 15mg/500mg tablets
17879911000001100,Co-codamol 15mg/500mg tablets
34035211000001101,Co-codamol 15mg/500mg tablets
19794111000001101,Co-codamol 15mg/500mg tablets
22636211000001109,Co-codamol 15mg/500mg tablets
29988011000001102,Co-codamol 15mg/500mg tablets
32402911000001105,Co-codamol 15mg/500mg tablets
38854411000001102,Co-codamol 15mg/500mg tablets
36042211000001103,Co-codamol 15mg/500mg tablets
22033611000001107,Co-codamol 15mg/500mg tablets
20913611000001104,Co-codamol 15mg/500mg tablets
322379008,Co-codamol 12.8mg/500mg tablets
322323006,Co-codamol 30mg/500mg effervescent powder sachets sugar free
322325004,Co-codamol 60mg/1000mg effervescent powder sachets sugar free
13892811000001102,Co-codamol 8mg/500mg/5ml oral solution
13892911000001107,Co-codamol 8mg/500mg/5ml oral suspension
13886911000001105,Co-codamol 8mg/500mg/5ml oral solution
13883111000001102,Co-codamol 8mg/500mg/5ml oral suspension
19200211000001107,Co-codamol 15mg/500mg capsules
34626511000001100,Co-codamol 15mg/500mg capsules
34710111000001105,Co-codamol 15mg/500mg capsules
37229711000001109,Co-codamol 15mg/500mg capsules
34611011000001105,Co-codamol 15mg/500mg capsules
38858411000001106,Co-codamol 15mg/500mg capsules
19230711000001108,Co-codamol 15mg/500mg effervescent tablets sugar free
40439211000001105,Co-codamol 15mg/500mg effervescent tablets sugar free
40246711000001106,Co-codamol 15mg/500mg effervescent tablets sugar free
34625311000001101,Co-codamol 60mg/1000mg tablets
34782811000001100,Co-codamol 60mg/1000mg tablets
34617911000001101,Co-codamol 60mg/1000mg tablets
36861011000001107,Co-codamol 60mg/1000mg tablets
38063911000001100,Co-codamol 30mg/500mg/5ml oral solution sugar free
38561311000001100,Co-codamol 30mg/500mg/5ml oral solution sugar free
38848711000001102,Co-codamol 30mg/500mg/5ml oral solution sugar free
37929611000001101,Co-codamol 30mg/500mg/5ml oral solution sugar free
38555211000001104,Co-codamol 8mg/500mg effervescent tablets sugar free
38741511000001100,Co-codamol 8mg/500mg effervescent tablets sugar free
38525011000001108,Co-codamol 8mg/500mg effervescent tablets sugar free
772811000001100,Paracodol 8mg/500mg capsules
655311000001106,Paracodol 8mg/500mg effervescent tablets
9475011000001100,Migraine Relief 8mg/500mg capsules
360311000001104,Tylex 30mg/500mg capsules
68111000001102,Tylex 30mg/500mg effervescent tablets
10411000001105,Solpadol 30mg/500mg effervescent tablets
341211000001105,Solpadol 30mg/500mg caplets
247311000001103,Solpadol 30mg/500mg capsules
232711000001100,Kapake 30mg/500mg tablets
3253711000001104,Kapake Insts 30mg/500mg effervescent powder sachets
3251511000001105,Kapake Insts 60mg/1000mg effervescent powder sachets
737111000001106,Kapake 30mg/500mg capsules
7336011000001106,Kapake 30mg/500mg effervescent tablets
17572011000001107,Kapake 15mg/500mg tablets
841911000001103,Panadol Ultra 12.8mg/500mg tablets
604311000001102,Solpadeine Max 12.8mg/500mg tablets
98711000001103,Medocodene 30mg/500mg capsules
9529311000001109,Medocodene 30mg/500mg effervescent tablets
75011000001100,Zapain 30mg/500mg tablets
314111000001106,Zapain 30mg/500mg capsules
3803111000001102,Codipar 15mg/500mg tablets
19191911000001105,Codipar 15mg/500mg capsules
19207211000001106,Codipar 15mg/500mg effervescent tablets
10898611000001100,Feminax Period Pain capsules
3359711000001105,Migraleve Yellow tablets
35579011000001104,Emcozin 30mg/500mg tablets
40248011000001108,Zipamol Plus 8mg/500mg effervescent tablets
11762111000001100,Co-codaprin 8mg/400mg tablets
11748611000001102,Co-codaprin 8mg/400mg tablets
39695111000001108,Co-codaprin 8mg/400mg dispersible tablets
3679811000001109,Co-codaprin 8mg/400mg dispersible tablets
3680211000001108,Co-codaprin 8mg/400mg dispersible tablets
3680611000001105,Co-codaprin 8mg/400mg dispersible tablets
29797311000001107,Co-codaprin 8mg/400mg dispersible tablets
20549911000001105,Boots Aspirin and Codeine tablets
322311000,Co-dydramol 10mg/500mg tablets
800311000001100,Co-dydramol 10mg/500mg tablets
37863911000001108,Co-dydramol 10mg/500mg tablets
112411000001101,Co-dydramol 10mg/500mg tablets
871711000001104,Co-dydramol 10mg/500mg tablets
9788711000001108,Co-dydramol 10mg/500mg tablets
10398511000001101,Co-dydramol 10mg/500mg tablets
23855911000001106,Co-dydramol 10mg/500mg tablets
170211000001106,Co-dydramol 10mg/500mg tablets
280011000001106,Co-dydramol 10mg/500mg tablets
37848611000001101,Co-dydramol 10mg/500mg tablets
30018111000001108,Co-dydramol 10mg/500mg tablets
38856111000001100,Co-dydramol 10mg/500mg tablets
17888211000001107,Co-dydramol 10mg/500mg tablets
834011000001100,Co-dydramol 10mg/500mg tablets
15093811000001102,Co-dydramol 10mg/500mg tablets
783711000001106,Co-dydramol 10mg/500mg tablets
818811000001109,Co-dydramol 10mg/500mg tablets
831711000001101,Co-dydramol 10mg/500mg tablets
22038511000001104,Co-dydramol 10mg/500mg tablets
15037811000001104,Co-dydramol 10mg/500mg tablets
474911000001108,Co-dydramol 10mg/500mg tablets
13893011000001104,Co-dydramol 10mg/500mg/5ml oral solution
13891211000001105,Co-dydramol 10mg/500mg/5ml oral solution
8427711000001105,Co-dydramol 10mg/500mg/5ml oral suspension
8405111000001108,Co-dydramol 10mg/500mg/5ml oral suspension
322367008,Co-dydramol 20mg/500mg tablets
35107711000001107,Co-dydramol 20mg/500mg tablets
20363711000001101,Co-dydramol 20mg/500mg tablets
35110011000001107,Co-dydramol 20mg/500mg tablets
37231511000001102,Co-dydramol 20mg/500mg tablets
34797311000001107,Co-dydramol 20mg/500mg tablets
38856911000001102,Co-dydramol 20mg/500mg tablets
322368003,Co-dydramol 30mg/500mg tablets
35108011000001106,Co-dydramol 30mg/500mg tablets
20364011000001101,Co-dydramol 30mg/500mg tablets
35110311000001105,Co-dydramol 30mg/500mg tablets
37231811000001104,Co-dydramol 30mg/500mg tablets
34797611000001102,Co-dydramol 30mg/500mg tablets
38857711000001101,Co-dydramol 30mg/500mg tablets
4660511000001106,Co-dydramol 7.46mg/500mg tablets
9553311000001107,Co-dydramol 7.46mg/500mg effervescent tablets sugar free
847911000001106,Galake 10mg/500mg tablets
9105311000001109,Dental Pain Relief tablets
20474311000001103,Dypracet 20mg/500mg tablets
20474611000001108,Dypracet 30mg/500mg tablets
680111000001109,Remedeine tablets
419911000001100,Remedeine Forte tablets
4656111000001106,Paramol tablets
9544111000001109,Paramol soluble tablets
34577211000001109,Eroset 500mg/10mg tablets
39690311000001103,Co-proxamol 32.5mg/325mg tablets
126911000001100,Co-proxamol 32.5mg/325mg tablets
526911000001107,Co-proxamol 32.5mg/325mg tablets
134011000001106,Co-proxamol 32.5mg/325mg tablets
9788911000001105,Co-proxamol 32.5mg/325mg tablets
30045311000001108,Co-proxamol 32.5mg/325mg tablets
29851211000001102,Co-proxamol 32.5mg/325mg tablets
331211000001106,Co-proxamol 32.5mg/325mg tablets
471711000001108,Co-proxamol 32.5mg/325mg tablets
17031711000001102,Co-proxamol 32.5mg/325mg tablets
12884111000001105,Co-proxamol 32.5mg/325mg tablets
31552211000001100,Co-proxamol 32.5mg/325mg tablets
18106711000001101,Co-proxamol 32.5mg/325mg tablets
269611000001108,Co-proxamol 32.5mg/325mg tablets
194811000001109,Co-proxamol 32.5mg/325mg tablets
29799511000001108,Co-proxamol 32.5mg/325mg tablets
769511000001101,Co-proxamol 32.5mg/325mg tablets
776411000001101,Co-proxamol 32.5mg/325mg tablets
8427811000001102,Co-proxamol 32.5mg/325mg/5ml oral suspension
8407611000001107,Co-proxamol 32.5mg/325mg/5ml oral suspension
247711000001104,Distalgesic 32.5mg/325mg tablets
4956111000001107,Aspirin 500mg / Codeine 8mg dispersible tablets sugar free
4951811000001105,Codis 500 dispersible tablets
4934411000001109,Generic Solpadeine Plus tablets
4009611000001106,Generic Ultramol Soluble tablets sugar free
38555311000001107,Generic Codasolve 8mg/500mg/30mg effervescent tablets sugar free
34792111000001108,Syndol Headache Relief tablets
4923911000001100,Solpadeine Plus tablets
3996611000001107,Ultramol Soluble tablets
7948211000001109,Veganin tablets
38485611000001101,Codasolve 8mg/500mg/30mg effervescent tablets
322623000,Tramadol 50mg capsules
246311000001101,Tramadol 50mg capsules
20170311000001107,Tramadol 50mg capsules
886411000001108,Tramadol 50mg capsules
939711000001107,Tramadol 50mg capsules
9800611000001103,Tramadol 50mg capsules
10414511000001103,Tramadol 50mg capsules
16069711000001109,Tramadol 50mg capsules
38620211000001101,Tramadol 50mg capsules
28803911000001101,Tramadol 50mg capsules
10290811000001105,Tramadol 50mg capsules
4821211000001104,Tramadol 50mg capsules
746011000001106,Tramadol 50mg capsules
905911000001101,Tramadol 50mg capsules
30924411000001106,Tramadol 50mg capsules
39915011000001107,Tramadol 50mg capsules
36238411000001107,Tramadol 50mg capsules
35187411000001102,Tramadol 50mg capsules
24136911000001105,Tramadol 50mg capsules
10444611000001105,Tramadol 50mg capsules
37507411000001107,Tramadol 50mg capsules
36732111000001108,Tramadol 50mg capsules
11415411000001109,Tramadol 50mg capsules
17860911000001102,Tramadol 50mg capsules
40703011000001103,Tramadol 50mg capsules
849011000001103,Tramadol 50mg capsules
36925411000001101,Tramadol 50mg capsules
24622911000001109,Tramadol 50mg capsules
15195711000001100,Tramadol 50mg capsules
796411000001109,Tramadol 50mg capsules
26787711000001101,Tramadol 50mg capsules
812811000001107,Tramadol 50mg capsules
21892011000001100,Tramadol 50mg capsules
736011000001107,Tramadol 50mg capsules
35920311000001103,Tramadol 100mg modified-release tablets
16453911000001109,Zydol SR 100mg tablets
35920611000001108,Tramadol 150mg modified-release tablets
16454111000001108,Zydol SR 150mg tablets
35920811000001107,Tramadol 200mg modified-release tablets
16454311000001105,Zydol SR 200mg tablets
39714911000001102,Tramadol 50mg soluble tablets sugar free
35940111000001103,Tramadol 50mg modified-release capsules
28838511000001107,Tramadol 50mg modified-release capsules
40589011000001102,Tramadol 50mg modified-release capsules
35920211000001106,Tramadol 100mg modified-release capsules
28839311000001107,Tramadol 100mg modified-release capsules
40589411000001106,Tramadol 100mg modified-release capsules
16448311000001102,Zamadol SR 100mg capsules
35920511000001109,Tramadol 150mg modified-release capsules
28840111000001101,Tramadol 150mg modified-release capsules
40589611000001109,Tramadol 150mg modified-release capsules
16448511000001108,Zamadol SR 150mg capsules
35920711000001104,Tramadol 200mg modified-release capsules
28844211000001104,Tramadol 200mg modified-release capsules
40589811000001108,Tramadol 200mg modified-release capsules
16448711000001103,Zamadol SR 200mg capsules
322645004,Tramadol 50mg effervescent powder sachets sugar free
322646003,Tramadol 100mg effervescent powder sachets sugar free
35920911000001102,Tramadol 300mg modified-release tablets
35921011000001105,Tramadol 400mg modified-release tablets
35921211000001100,Tramadol 75mg modified-release tablets
5212811000001100,Tramadol 50mg orodispersible tablets sugar free
7386811000001106,Tramadol 37.5mg / Paracetamol 325mg tablets
21376311000001107,Tramadol 37.5mg / Paracetamol 325mg tablets
35866511000001105,Tramadol 37.5mg / Paracetamol 325mg tablets
21349911000001100,Tramadol 37.5mg / Paracetamol 325mg tablets
33496511000001107,Tramadol 37.5mg / Paracetamol 325mg tablets
21222211000001108,Tramadol 37.5mg / Paracetamol 325mg tablets
37827811000001104,Tramadol 37.5mg / Paracetamol 325mg tablets
34745411000001100,Tramadol 37.5mg / Paracetamol 325mg tablets
30940411000001102,Tramadol 37.5mg / Paracetamol 325mg tablets
39914711000001105,Tramadol 37.5mg / Paracetamol 325mg tablets
37861211000001103,Tramadol 37.5mg / Paracetamol 325mg tablets
21714811000001101,Tramadol 37.5mg / Paracetamol 325mg tablets
12037411000001103,Tramadol 50mg modified-release tablets
28790611000001103,Tramadol 50mg/5ml oral suspension
28782011000001108,Tramadol 50mg/5ml oral suspension
17430011000001102,Tramadol 37.5mg / Paracetamol 325mg effervescent tablets sugar free
19200411000001106,Tramadol 100mg/ml oral drops
19677511000001100,Tramadol 100mg/ml oral drops
19189011000001106,Tramadol 100mg/ml oral drops
20361511000001107,Tramadol 100mg/ml oral drops
33523811000001102,Tramadol 75mg / Paracetamol 650mg tablets
34197111000001104,Tramadol 75mg / Paracetamol 650mg tablets
33496111000001103,Tramadol 75mg / Paracetamol 650mg tablets
35029711000001104,Tramadol 75mg / Dexketoprofen 25mg tablets
39848411000001106,Tramadol 50mg/5ml oral solution sugar free
40654411000001108,Tramadol 10mg/ml oral solution sugar free
39990011000001102,Tramadol 10mg/ml oral solution sugar free
39844311000001109,Tramadol 10mg/ml oral solution sugar free
203811000001106,Zydol 50mg capsules
306311000001100,Zydol SR 100mg tablets
362111000001102,Zydol SR 150mg tablets
315611000001102,Zydol SR 200mg tablets
314411000001101,Zydol 50mg soluble tablets
139611000001100,Zydol XL 150mg tablets
142111000001100,Zydol XL 200mg tablets
929211000001103,Zydol XL 300mg tablets
461411000001108,Zydol XL 400mg tablets
11985311000001102,Zydol SR 50mg tablets
451511000001100,Tramake 50mg capsules
3242911000001107,Tramake Insts 50mg sachets
3250111000001107,Tramake Insts 100mg sachets
400911000001108,Zamadol 50mg capsules
21011000001101,Zamadol SR 50mg capsules
331011000001101,Zamadol SR 100mg capsules
711511000001103,Zamadol SR 150mg capsules
9411000001102,Zamadol SR 200mg capsules
5197011000001105,Zamadol Melt 50mg tablets
9532211000001106,Zamadol 24hr 150mg modified-release tablets
9532611000001108,Zamadol 24hr 200mg modified-release tablets
9532911000001102,Zamadol 24hr 300mg modified-release tablets
9533211000001100,Zamadol 24hr 400mg modified-release tablets
424611000001103,Dromadol SR 75mg tablets
216911000001105,Dromadol SR 100mg tablets
919611000001108,Dromadol SR 150mg tablets
278411000001105,Dromadol SR 200mg tablets
847811000001101,Dromadol XL 150mg tablets
109211000001105,Dromadol XL 200mg tablets
17411000001109,Dromadol XL 300mg tablets
805511000001101,Dromadol XL 400mg tablets
7381611000001100,Tramacet 37.5mg/325mg tablets
17418411000001102,Tramacet 37.5mg/325mg effervescent tablets
9100811000001106,Larapam SR 100mg tablets
9101011000001109,Larapam SR 150mg tablets
9101211000001104,Larapam SR 200mg tablets
10228111000001105,Mabron 100mg modified-release tablets
10228311000001107,Mabron 150mg modified-release tablets
10228511000001101,Mabron 200mg modified-release tablets
20475011000001102,Mabron 100mg modified-release tablets
20475211000001107,Mabron 150mg modified-release tablets
20475411000001106,Mabron 200mg modified-release tablets
11054611000001106,Tradorec XL 100mg tablets
11054811000001105,Tradorec XL 200mg tablets
11055011000001100,Tradorec XL 300mg tablets
11592111000001101,Tramquel SR 50mg capsules
11592311000001104,Tramquel SR 100mg capsules
11592511000001105,Tramquel SR 150mg capsules
11592711000001100,Tramquel SR 200mg capsules
12790311000001100,Tramulief SR 100mg tablets
12790511000001106,Tramulief SR 150mg tablets
12790811000001109,Tramulief SR 200mg tablets
12869811000001101,Zeridame SR 100mg tablets
12871211000001106,Zeridame SR 150mg tablets
12871611000001108,Zeridame SR 200mg tablets
12948411000001105,Nobligan retard 100mg tablets
14954011000001100,Marol 100mg modified-release tablets
14954211000001105,Marol 150mg modified-release tablets
14954411000001109,Marol 200mg modified-release tablets
19624411000001108,Marol 200mg modified-release tablets
19624611000001106,Marol 150mg modified-release tablets
19624811000001105,Marol 100mg modified-release tablets
14977411000001101,Maxitram SR 50mg capsules
14977211000001100,Maxitram SR 100mg capsules
14977011000001105,Maxitram SR 150mg capsules
14976811000001101,Maxitram SR 200mg capsules
14983211000001101,Oldaram 100mg modified-release tablets
14983411000001102,Oldaram 150mg modified-release tablets
14983611000001104,Oldaram 200mg modified-release tablets
19308911000001107,Aceon 100mg modified-release tablets
19309111000001102,Aceon 150mg modified-release tablets
19309311000001100,Aceon 200mg modified-release tablets
21692911000001105,Tilodol SR 100mg tablets
21694511000001108,Tilodol SR 150mg tablets
21695111000001100,Tilodol SR 200mg tablets
21964211000001106,Invodol SR 100mg tablets
21964411000001105,Invodol SR 150mg tablets
21964611000001108,Invodol SR 200mg tablets
24636911000001106,Maneo 100mg modified-release tablets
24637211000001100,Maneo 150mg modified-release tablets
24637511000001102,Maneo 200mg modified-release tablets
34534911000001109,Zytram SR 150mg tablets
34535311000001107,Zytram SR 75mg tablets
34535811000001103,Zytram SR 100mg tablets
34536311000001102,Zytram SR 200mg tablets
34733411000001103,Brimisol PR 100mg tablets
38811311000001100,Brimisol PR 200mg tablets
35029011000001101,Skudexa 75mg/25mg tablets
36735011000001102,Trapadex 37.5mg/325mg tablets
36057211000001102,Hydromorphone 16mg modified-release capsules
36057311000001105,Hydromorphone 24mg modified-release capsules
36057711000001109,Hydromorphone 8mg modified-release capsules
322667003,Hydromorphone 2.6mg capsules
322665006,Hydromorphone 1.3mg capsules
36057411000001103,Hydromorphone 2mg modified-release capsules
36057611000001100,Hydromorphone 4mg modified-release capsules
26453211000001104,Hydromorphone 5mg/5ml oral solution
26241811000001100,Hydromorphone 5mg/5ml oral solution
3836411000001105,Palladone 1.3mg capsules
3837511000001106,Palladone 2.6mg capsules
3869411000001108,Palladone SR 2mg capsules
3838511000001105,Palladone SR 4mg capsules
3870411000001105,Palladone SR 8mg capsules
4001411000001107,Palladone SR 16mg capsules
4004111000001104,Palladone SR 24mg capsules
36131211000001102,Oxycodone 5mg/5ml oral solution sugar free
19670611000001100,Oxycodone 5mg/5ml oral solution sugar free
36468311000001107,Oxycodone 5mg/5ml oral solution sugar free
30824811000001101,Oxycodone 5mg/5ml oral solution sugar free
36854211000001105,Oxycodone 5mg/5ml oral solution sugar free
39073511000001103,Oxycodone 5mg/5ml oral solution sugar free
19661411000001101,Oxycodone 5mg/5ml oral solution sugar free
36130011000001103,Oxycodone 10mg/ml oral solution sugar free
19670811000001101,Oxycodone 10mg/ml oral solution sugar free
36468111000001105,Oxycodone 10mg/ml oral solution sugar free
30825011000001106,Oxycodone 10mg/ml oral solution sugar free
36854411000001109,Oxycodone 10mg/ml oral solution sugar free
40538911000001104,Oxycodone 10mg/ml oral solution sugar free
39073311000001109,Oxycodone 10mg/ml oral solution sugar free
19662111000001101,Oxycodone 10mg/ml oral solution sugar free
322691007,Oxycodone 5mg capsules
322692000,Oxycodone 10mg capsules
322693005,Oxycodone 20mg capsules
36129511000001101,Oxycodone 10mg modified-release tablets
36130411000001107,Oxycodone 20mg modified-release tablets
36130911000001104,Oxycodone 40mg modified-release tablets
36131511000001104,Oxycodone 80mg modified-release tablets
12142111000001100,Oxycodone 5mg/5ml oral solution
12130611000001106,Oxycodone 5mg/5ml oral solution
36131011000001107,Oxycodone 5mg modified-release tablets
18645511000001107,Oxycodone 120mg modified-release tablets
36131311000001105,Oxycodone 60mg modified-release tablets
36130711000001101,Oxycodone 30mg modified-release tablets
36130211000001108,Oxycodone 15mg modified-release tablets
38752411000001107,Oxycodone 5mg tablets
38752211000001108,Oxycodone 10mg tablets
38752311000001100,Oxycodone 20mg tablets
2898211000001105,OxyNorm liquid 1mg/ml oral solution
2897511000001109,OxyNorm 10mg/ml concentrate oral solution
2895711000001105,OxyNorm 5mg capsules
2896011000001104,OxyNorm 10mg capsules
2896311000001101,OxyNorm 20mg capsules
2891711000001108,OxyContin 10mg modified-release tablets
2896611000001106,OxyContin 20mg modified-release tablets
2897211000001106,OxyContin 40mg modified-release tablets
2898111000001104,OxyContin 80mg modified-release tablets
4074911000001106,OxyContin 5mg modified-release tablets
18641711000001104,OxyContin 120mg modified-release tablets
18643311000001102,OxyContin 60mg modified-release tablets
18644611000001105,OxyContin 30mg modified-release tablets
18645111000001103,OxyContin 15mg modified-release tablets
31322211000001103,Carexil 5mg modified-release tablets
31323511000001107,Carexil 10mg modified-release tablets
31324011000001102,Carexil 20mg modified-release tablets
32196811000001100,Carexil 40mg modified-release tablets
32197311000001107,Carexil 80mg modified-release tablets
20937511000001101,Longtec 5mg modified-release tablets
20937711000001106,Longtec 10mg modified-release tablets
20937911000001108,Longtec 20mg modified-release tablets
20938111000001106,Longtec 40mg modified-release tablets
20938311000001108,Longtec 80mg modified-release tablets
29838211000001107,Longtec 120mg modified-release tablets
29838411000001106,Longtec 15mg modified-release tablets
29838611000001109,Longtec 30mg modified-release tablets
29838811000001108,Longtec 60mg modified-release tablets
20968611000001105,Oxylan 5mg modified-release tablets
20968811000001109,Oxylan 10mg modified-release tablets
20969011000001108,Oxylan 20mg modified-release tablets
20969211000001103,Oxylan 40mg modified-release tablets
20969411000001104,Oxylan 80mg modified-release tablets
22416411000001100,Oxylan 5mg modified-release tablets
22417611000001100,Oxylan 10mg modified-release tablets
22417811000001101,Oxylan 20mg modified-release tablets
22420411000001106,Oxylan 40mg modified-release tablets
22420911000001103,Oxylan 80mg modified-release tablets
21515211000001100,Candox 10mg modified-release tablets
21516111000001100,Candox 20mg modified-release tablets
21515911000001109,Candox 5mg modified-release tablets
21516811000001107,Candox 40mg modified-release tablets
21516511000001109,Candox 80mg modified-release tablets
22686511000001102,Lynlor 5mg capsules
22686711000001107,Lynlor 10mg capsules
22686911000001109,Lynlor 20mg capsules
23020611000001108,Dolocodon PR 20mg tablets
23020811000001107,Dolocodon PR 40mg tablets
23047311000001100,Dolocodon PR 5mg tablets
23366811000001104,Dolocodon PR 10mg tablets
23657811000001102,Shortec 5mg capsules
23658011000001109,Shortec 10mg capsules
23658211000001104,Shortec 20mg capsules
34027611000001109,Shortec liquid 1mg/ml oral solution
34027811000001108,Shortec 10mg/ml concentrate oral solution
24466911000001102,Reltebon 5mg modified-release tablets
24467111000001102,Reltebon 10mg modified-release tablets
24467411000001107,Reltebon 20mg modified-release tablets
24467711000001101,Reltebon 40mg modified-release tablets
24467911000001104,Reltebon 80mg modified-release tablets
27992811000001102,Reltebon 15mg modified-release tablets
27993011000001104,Reltebon 30mg modified-release tablets
27993311000001101,Reltebon 60mg modified-release tablets
29650311000001107,Oxeltra 5mg modified-release tablets
29676711000001106,Oxeltra 80mg modified-release tablets
29677211000001102,Oxeltra 30mg modified-release tablets
29677411000001103,Oxeltra 60mg modified-release tablets
29677611000001100,Oxeltra 40mg modified-release tablets
29677811000001101,Oxeltra 10mg modified-release tablets
29678111000001109,Oxeltra 15mg modified-release tablets
29678311000001106,Oxeltra 20mg modified-release tablets
30719311000001101,Abtard 5mg modified-release tablets
30719811000001105,Abtard 10mg modified-release tablets
30720111000001102,Abtard 15mg modified-release tablets
30720511000001106,Abtard 20mg modified-release tablets
30720811000001109,Abtard 40mg modified-release tablets
30721111000001108,Abtard 30mg modified-release tablets
30721411000001103,Abtard 60mg modified-release tablets
30721711000001109,Abtard 80mg modified-release tablets
32133511000001104,Zomestine 80mg modified-release tablets
32136711000001102,Zomestine 40mg modified-release tablets
32138511000001108,Zomestine 5mg modified-release tablets
32135311000001106,Zomestine 10mg modified-release tablets
32140211000001108,Zomestine 20mg modified-release tablets
33629011000001104,Leveraxo 5mg modified-release tablets
33629211000001109,Leveraxo 10mg modified-release tablets
33629411000001108,Leveraxo 20mg modified-release tablets
33629611000001106,Leveraxo 30mg modified-release tablets
33629811000001105,Leveraxo 40mg modified-release tablets
33630011000001105,Leveraxo 60mg modified-release tablets
33630211000001100,Leveraxo 80mg modified-release tablets
34051611000001101,Onexila XL 10mg tablets
34051911000001107,Onexila XL 20mg tablets
34051311000001106,Onexila XL 40mg tablets
34052211000001105,Onexila XL 80mg tablets
35541911000001100,Renocontin 5mg modified-release tablets
35542111000001108,Renocontin 10mg modified-release tablets
35542311000001105,Renocontin 15mg modified-release tablets
35542511000001104,Renocontin 20mg modified-release tablets
35542711000001109,Renocontin 30mg modified-release tablets
35542911000001106,Renocontin 40mg modified-release tablets
35543311000001100,Renocontin 60mg modified-release tablets
35846011000001105,Oxypro 5mg modified-release tablets
35846211000001100,Oxypro 10mg modified-release tablets
35846411000001101,Oxypro 15mg modified-release tablets
35846611000001103,Oxypro 20mg modified-release tablets
35846811000001104,Oxypro 30mg modified-release tablets
35847011000001108,Oxypro 40mg modified-release tablets
35847211000001103,Oxypro 60mg modified-release tablets
35847411000001104,Oxypro 80mg modified-release tablets
35853511000001107,Ixyldone 5mg modified-release tablets
35857611000001103,Ixyldone 10mg modified-release tablets
35857811000001104,Ixyldone 15mg modified-release tablets
35858311000001109,Ixyldone 20mg modified-release tablets
35857411000001101,Ixyldone 30mg modified-release tablets
35857911000001109,Ixyldone 40mg modified-release tablets
35858711000001108,Ixyldone 60mg modified-release tablets
35859011000001101,Ixyldone 80mg modified-release tablets
38453311000001100,Oxyact 10mg tablets
38455911000001103,Oxyact 20mg tablets
38456711000001108,Oxyact 5mg tablets
14985811000001101,Oxycodone 10mg / Naloxone 5mg modified-release tablets
14985911000001106,Oxycodone 20mg / Naloxone 10mg modified-release tablets
15852911000001109,Oxycodone 5mg / Naloxone 2.5mg modified-release tablets
15852811000001104,Oxycodone 40mg / Naloxone 20mg modified-release tablets
29670411000001102,Oxycodone 40mg/5ml / Naloxone 20mg/5ml oral suspension
29667211000001109,Oxycodone 40mg/5ml / Naloxone 20mg/5ml oral suspension
14975711000001101,Targinact 10mg/5mg modified-release tablets
14976011000001107,Targinact 20mg/10mg modified-release tablets
15850911000001105,Targinact 5mg/2.5mg modified-release tablets
15851311000001104,Targinact 40mg/20mg modified-release tablets
38419711000001105,Myloxifin 10mg/5mg modified-release tablets
38419911000001107,Myloxifin 20mg/10mg modified-release tablets
38420311000001107,Myloxifin 40mg/20mg modified-release tablets
38420111000001105,Myloxifin 5mg/2.5mg modified-release tablets
38803111000001103,Oxyargin 5mg/2.5mg modified-release tablets
38801811000001106,Oxyargin 10mg/5mg modified-release tablets
38802411000001104,Oxyargin 20mg/10mg modified-release tablets
38802811000001102,Oxyargin 40mg/20mg modified-release tablets
442472008,Tapentadol 50mg tablets
442341005,Tapentadol 75mg tablets
18672211000001103,Tapentadol 50mg modified-release tablets
18671811000001106,Tapentadol 100mg modified-release tablets
18671911000001101,Tapentadol 150mg modified-release tablets
18672011000001108,Tapentadol 200mg modified-release tablets
18672111000001109,Tapentadol 250mg modified-release tablets
24408811000001107,Tapentadol 20mg/ml oral solution sugar free
39819711000001100,Tapentadol 25mg modified-release tablets
18662511000001107,Palexia 50mg tablets
18662911000001100,Palexia 75mg tablets
18663511000001100,Palexia SR 50mg tablets
18664111000001106,Palexia SR 100mg tablets
18664411000001101,Palexia SR 150mg tablets
18664711000001107,Palexia SR 200mg tablets
18665211000001104,Palexia SR 250mg tablets
24120811000001104,Palexia 20mg/ml oral solution
39584211000001105,Ationdo SR 25mg tablets
39584511000001108,Ationdo SR 50mg tablets
39584711000001103,Ationdo SR 100mg tablets
39585511000001109,Ationdo SR 150mg tablets
39585711000001104,Ationdo SR 200mg tablets
39585911000001102,Ationdo SR 250mg tablets
36566111000001100,Codeine 25mg/5ml oral solution
641111000001109,Codeine 25mg/5ml oral solution
106811000001100,Codeine 25mg/5ml oral solution
30046011000001101,Codeine 25mg/5ml oral solution
39847111000001102,Codeine 25mg/5ml oral solution
27811000001100,Codeine 25mg/5ml oral solution
322502004,Codeine 15mg tablets
631411000001103,Codeine 15mg tablets
3811000001102,Codeine 15mg tablets
616411000001104,Codeine 15mg tablets
17967711000001105,Codeine 15mg tablets
10399111000001103,Codeine 15mg tablets
15990511000001103,Codeine 15mg tablets
29003611000001106,Codeine 15mg tablets
23854211000001103,Codeine 15mg tablets
114211000001109,Codeine 15mg tablets
30018511000001104,Codeine 15mg tablets
39206611000001109,Codeine 15mg tablets
17887711000001101,Codeine 15mg tablets
123811000001101,Codeine 15mg tablets
11531411000001107,Codeine 15mg tablets
15205411000001106,Codeine 15mg tablets
34760811000001104,Codeine 15mg tablets
613111000001104,Codeine 15mg tablets
21946111000001102,Codeine 15mg tablets
277611000001109,Codeine 15mg tablets
322503009,Codeine 30mg tablets
260411000001100,Codeine 30mg tablets
129811000001104,Codeine 30mg tablets
708311000001100,Codeine 30mg tablets
11426011000001104,Codeine 30mg tablets
10399311000001101,Codeine 30mg tablets
16048111000001109,Codeine 30mg tablets
29003811000001105,Codeine 30mg tablets
23854511000001100,Codeine 30mg tablets
875511000001107,Codeine 30mg tablets
908211000001103,Codeine 30mg tablets
30018711000001109,Codeine 30mg tablets
38862111000001108,Codeine 30mg tablets
17888011000001102,Codeine 30mg tablets
380611000001107,Codeine 30mg tablets
11531611000001105,Codeine 30mg tablets
29797511000001101,Codeine 30mg tablets
34761111000001100,Codeine 30mg tablets
297411000001104,Codeine 30mg tablets
21946811000001109,Codeine 30mg tablets
438511000001106,Codeine 30mg tablets
322504003,Codeine 60mg tablets
271511000001104,Codeine 60mg tablets
302811000001108,Codeine 60mg tablets
646511000001109,Codeine 60mg tablets
34680011000001103,Codeine 60mg tablets
10399511000001107,Codeine 60mg tablets
29004011000001102,Codeine 60mg tablets
23854811000001102,Codeine 60mg tablets
367411000001105,Codeine 60mg tablets
39320911000001104,Codeine 60mg tablets
357011000001107,Codeine 60mg tablets
11531811000001109,Codeine 60mg tablets
29798011000001105,Codeine 60mg tablets
273211000001103,Codeine 60mg tablets
21948511000001107,Codeine 60mg tablets
628311000001101,Codeine 60mg tablets
11815511000001102,Codeine 50mg/5ml oral solution
11803611000001100,Codeine 50mg/5ml oral solution
11815411000001101,Codeine 30mg/5ml oral solution
11803311000001105,Codeine 30mg/5ml oral solution
11815611000001103,Codeine 60mg/5ml oral solution
11803911000001106,Codeine 60mg/5ml oral solution
8428111000001105,Codeine 5mg/5ml oral solution
8428211000001104,Codeine 5mg/5ml oral suspension
8405711000001109,Codeine 5mg/5ml oral solution
8406311000001100,Codeine 5mg/5ml oral suspension
8427911000001107,Codeine 10mg/5ml oral solution
8428011000001109,Codeine 10mg/5ml oral suspension
8405411000001103,Codeine 10mg/5ml oral solution
8406011000001103,Codeine 10mg/5ml oral suspension
8087411000001101,Codeine 6.75mg/5ml oral solution
8086211000001102,Bepro 6.75mg/5ml syrup
322514007,Dextromoramide 5mg tablets
14970711000001106,Dextromoramide 5mg tablets
322515008,Dextromoramide 10mg tablets
3760311000001108,Palfium 5mg tablets
3759511000001101,Palfium 10mg tablets
322519002,Dextropropoxyphene 60mg capsules
3823211000001102,Doloxene 100mg capsules
36098611000001109,Dihydrocodeine 10mg/5ml oral solution
3038511000001106,Dihydrocodeine 10mg/5ml oral solution
3039311000001106,Dihydrocodeine 10mg/5ml oral solution
32249811000001102,Dihydrocodeine 10mg/5ml oral solution
37299611000001106,Dihydrocodeine 10mg/5ml oral solution
26026911000001105,Dihydrocodeine 10mg/5ml oral solution
31387811000001107,Dihydrocodeine 10mg/5ml oral solution
3038911000001104,Dihydrocodeine 10mg/5ml oral solution
21944611000001101,Dihydrocodeine 10mg/5ml oral solution
39708511000001104,Dihydrocodeine 30mg tablets
869111000001108,Dihydrocodeine 30mg tablets
37942311000001101,Dihydrocodeine 30mg tablets
830711000001109,Dihydrocodeine 30mg tablets
379811000001106,Dihydrocodeine 30mg tablets
13386111000001109,Dihydrocodeine 30mg tablets
10401411000001102,Dihydrocodeine 30mg tablets
16048911000001107,Dihydrocodeine 30mg tablets
23877111000001102,Dihydrocodeine 30mg tablets
644211000001101,Dihydrocodeine 30mg tablets
176811000001109,Dihydrocodeine 30mg tablets
37507111000001102,Dihydrocodeine 30mg tablets
37058011000001109,Dihydrocodeine 30mg tablets
38872711000001101,Dihydrocodeine 30mg tablets
17892511000001107,Dihydrocodeine 30mg tablets
548711000001106,Dihydrocodeine 30mg tablets
15082011000001100,Dihydrocodeine 30mg tablets
29611000001109,Dihydrocodeine 30mg tablets
194911000001104,Dihydrocodeine 30mg tablets
21944811000001102,Dihydrocodeine 30mg tablets
543611000001109,Dihydrocodeine 30mg tablets
932511000001106,Dihydrocodeine 30mg tablets
39112411000001109,Dihydrocodeine 60mg modified-release tablets
39112511000001108,Dihydrocodeine 90mg modified-release tablets
39112611000001107,Dihydrocodeine 120mg modified-release tablets
39708711000001109,Dihydrocodeine 40mg tablets
11649011000001106,Dihydrocodeine 90mg/5ml oral solution
11625411000001102,Dihydrocodeine 90mg/5ml oral solution
11648911000001102,Dihydrocodeine 30mg/5ml oral solution
11625011000001106,Dihydrocodeine 30mg/5ml oral solution
11648811000001107,Dihydrocodeine 15mg/5ml oral solution
11624711000001109,Dihydrocodeine 15mg/5ml oral solution
8457311000001105,Dihydrocodeine 10mg/5ml oral suspension
8440711000001106,Dihydrocodeine 10mg/5ml oral suspension
8457211000001102,Dihydrocodeine 60mg/5ml oral solution
8457111000001108,Dihydrocodeine 60mg/5ml oral suspension
8441011000001100,Dihydrocodeine 60mg/5ml oral solution
8441311000001102,Dihydrocodeine 60mg/5ml oral suspension
3037111000001103,DHC Continus 60mg tablets
3037511000001107,DHC Continus 90mg tablets
3037811000001105,DHC Continus 120mg tablets
3038211000001108,DF 118 Forte 40mg tablets
39689711000001107,Dipipanone 10mg / Cyclizine 30mg tablets
19237311000001105,Dipipanone 10mg / Cyclizine 30mg tablets
19180811000001109,Dipipanone 10mg / Cyclizine 30mg tablets
19356611000001105,Dipipanone 10mg / Cyclizine 30mg tablets
23834411000001100,Dipipanone 10mg / Cyclizine 30mg tablets
429811000001100,Diconal tablets
322522000,Diamorphine 10mg tablets
857211000001104,Diamorphine 10mg tablets
396511000001109,Diamorphine 10mg tablets
295311000001103,Diamorphine 10mg tablets
356111000001105,Diamorphine 10mg tablets
12388911000001104,Diamorphine 100mg capsules
12315911000001108,Diamorphine 100mg capsules
11719611000001102,Diamorphine 20mg/5ml oral solution
11664111000001102,Diamorphine 20mg/5ml oral solution
11720411000001101,Diamorphine 50mg/5ml oral solution
11668511000001104,Diamorphine 50mg/5ml oral solution
12291711000001101,Diamorphine 10mg/5ml oral solution
12242411000001107,Diamorphine 10mg/5ml oral solution
11719811000001103,Diamorphine 25mg/5ml oral solution
11664911000001104,Diamorphine 25mg/5ml oral solution
12292411000001102,Diamorphine 5mg/5ml oral solution
12242011000001103,Diamorphine 5mg/5ml oral solution
11720511000001102,Diamorphine 6mg/5ml oral solution
11668811000001101,Diamorphine 6mg/5ml oral solution
11720311000001108,Diamorphine 45mg/5ml oral solution
11667911000001105,Diamorphine 45mg/5ml oral solution
11720211000001100,Diamorphine 40mg/5ml oral solution
11667311000001109,Diamorphine 40mg/5ml oral solution
11719211000001104,Diamorphine 15mg/5ml oral solution
11661011000001101,Diamorphine 15mg/5ml oral solution
11719311000001107,Diamorphine 180mg/5ml oral solution
11662211000001104,Diamorphine 180mg/5ml oral solution
11719711000001106,Diamorphine 240mg/5ml oral solution
11664611000001105,Diamorphine 240mg/5ml oral solution
11719111000001105,Diamorphine 100mg/5ml oral solution
11660311000001108,Diamorphine 100mg/5ml oral solution
11720011000001105,Diamorphine 30mg/5ml oral solution
11665911000001100,Diamorphine 30mg/5ml oral solution
11719511000001101,Diamorphine 200mg/5ml oral solution
11663511000001108,Diamorphine 200mg/5ml oral solution
13384011000001103,Diamorphine 340mg/5ml oral solution
13378411000001109,Diamorphine 340mg/5ml oral solution
13384111000001102,Diamorphine 350mg/5ml oral solution
13378011000001100,Diamorphine 350mg/5ml oral solution
13384211000001108,Diamorphine 360mg/5ml oral solution
13377711000001104,Diamorphine 360mg/5ml oral solution
13384311000001100,Diamorphine 370mg/5ml oral solution
13377211000001106,Diamorphine 370mg/5ml oral solution
13384411000001107,Diamorphine 380mg/5ml oral solution
13376911000001100,Diamorphine 380mg/5ml oral solution
13384511000001106,Diamorphine 390mg/5ml oral solution
13376611000001106,Diamorphine 390mg/5ml oral solution
13372111000001102,Diamorphine 400mg/5ml oral solution
13371911000001105,Diamorphine 400mg/5ml oral solution
13384611000001105,Diamorphine 410mg/5ml oral solution
13378711000001103,Diamorphine 410mg/5ml oral solution
15436511000001108,Diamorphine 320mg/5ml oral solution
15428311000001101,Diamorphine 320mg/5ml oral solution
15631511000001102,Diamorphine 250mg/5ml oral solution
15617011000001109,Diamorphine 250mg/5ml oral solution
15631611000001103,Diamorphine 260mg/5ml oral solution
15617311000001107,Diamorphine 260mg/5ml oral solution
15631711000001107,Diamorphine 270mg/5ml oral solution
15617611000001102,Diamorphine 270mg/5ml oral solution
15631811000001104,Diamorphine 280mg/5ml oral solution
15617911000001108,Diamorphine 280mg/5ml oral solution
15631911000001109,Diamorphine 290mg/5ml oral solution
15618211000001100,Diamorphine 290mg/5ml oral solution
15632011000001102,Diamorphine 300mg/5ml oral solution
15618511000001102,Diamorphine 300mg/5ml oral solution
15632111000001101,Diamorphine 310mg/5ml oral solution
15618811000001104,Diamorphine 310mg/5ml oral solution
15632211000001107,Diamorphine 330mg/5ml oral solution
15619111000001104,Diamorphine 330mg/5ml oral solution
19946711000001109,Diamorphine 130mg/5ml oral solution
19909311000001107,Diamorphine 130mg/5ml oral solution
322591003,Methadone 5mg tablets
39815511000001107,Methadone 5mg tablets
39611611000001102,Methadone 5mg tablets
39574111000001107,Methadone 5mg tablets
12389411000001104,Methadone 10mg capsules
12316811000001106,Methadone 10mg capsules
12299811000001105,Methadone 30mg capsules
12245011000001108,Methadone 30mg capsules
12389811000001102,Methadone 30mg tablets
12320211000001102,Methadone 30mg tablets
12300211000001106,Methadone 50mg capsules
12246111000001103,Methadone 50mg capsules
12299111000001103,Methadone 100mg capsules
12245711000001105,Methadone 100mg capsules
12389911000001107,Methadone 40mg capsules
12317111000001101,Methadone 40mg capsules
19722711000001100,Methadone 5mg capsules
19710311000001108,Methadone 5mg capsules
29732211000001108,Methadone 50mg tablets
29729511000001100,Methadone 50mg tablets
462111000001108,Physeptone 5mg tablets
36127911000001101,Morphine and Cocaine elixir
8183911000001105,Morphine and Cocaine elixir
11420211000001107,Morphine and Cocaine elixir
12141011000001109,Morphine hydrochloride 50mg/5ml oral solution
12132111000001104,Morphine hydrochloride 50mg/5ml oral solution
12140611000001107,Morphine hydrochloride 100mg/5ml oral solution
12130711000001102,Morphine hydrochloride 100mg/5ml oral solution
12141111000001105,Morphine hydrochloride 5mg/5ml oral solution
12132411000001109,Morphine hydrochloride 5mg/5ml oral solution
12140711000001103,Morphine hydrochloride 10mg/5ml oral solution
12131111000001109,Morphine hydrochloride 10mg/5ml oral solution
12140911000001101,Morphine hydrochloride 25mg/5ml oral solution
12131711000001105,Morphine hydrochloride 25mg/5ml oral solution
12140511000001108,Morphine hydrochloride 1.5mg/5ml oral solution
12130311000001101,Morphine hydrochloride 1.5mg/5ml oral solution
12140811000001106,Morphine hydrochloride 15mg/5ml oral solution
12131411000001104,Morphine hydrochloride 15mg/5ml oral solution
20146311000001106,Morphine hydrochloride 20mg/5ml oral solution
20135111000001104,Morphine hydrochloride 20mg/5ml oral solution
36128611000001106,Morphine sulfate 20mg/ml oral solution sugar free
36127011000001100,Morphine 200mg modified-release tablets
16653411000001104,Morphine 200mg modified-release tablets
36126211000001108,Morphine 100mg modified-release tablets
36127711000001103,Morphine 60mg modified-release tablets
36126511000001106,Morphine 10mg modified-release tablets
36127311000001102,Morphine 30mg modified-release tablets
322708003,Morphine 10mg tablets
322709006,Morphine 20mg tablets
36126811000001109,Morphine 15mg modified-release tablets
36127511000001108,Morphine 5mg modified-release tablets
36128311000001101,Morphine sulfate 10mg/5ml oral solution
3163111000001105,Morphine sulfate 10mg/5ml oral solution
21665611000001105,Morphine sulfate 10mg/5ml oral solution
9762411000001102,Morphine sulfate 10mg/5ml oral solution
24404111000001106,Morphine sulfate 10mg/5ml oral solution
32424011000001108,Morphine sulfate 10mg/5ml oral solution
3164911000001105,Morphine sulfate 10mg/5ml oral solution
18046511000001109,Morphine sulfate 10mg/5ml oral solution
39051211000001102,Morphine sulfate 10mg/5ml oral solution
29927111000001108,Morphine sulfate 10mg/5ml oral solution
33054811000001102,Morphine sulfate 10mg/5ml oral solution
4389511000001109,Morphine 30mg modified-release granules sachets sugar free
3631511000001107,Morphine sulfate 30mg/5ml oral solution unit dose vials sugar free
3631411000001108,Morphine sulfate 100mg/5ml oral solution unit dose vials sugar free
4389411000001105,Morphine 20mg modified-release granules sachets sugar free
4110911000001104,Morphine 60mg modified-release granules sachets sugar free
4110711000001101,Morphine 100mg modified-release granules sachets sugar free
4110811000001109,Morphine 200mg modified-release granules sachets sugar free
12144511000001104,Morphine sulfate 50mg/5ml oral solution
12144311000001105,Morphine sulfate 50mg/5ml oral solution
12143711000001107,Morphine sulfate 5mg/5ml oral solution
12143511000001102,Morphine sulfate 5mg/5ml oral solution
322728004,Morphine 50mg tablets
12390311000001101,Morphine 30mg capsules
12323311000001104,Morphine 30mg capsules
12390411000001108,Morphine 60mg capsules
12324111000001104,Morphine 60mg capsules
36127811000001106,Morphine 90mg modified-release capsules
36126611000001105,Morphine 120mg modified-release capsules
36126711000001101,Morphine 150mg modified-release capsules
12390211000001109,Morphine 200mg capsules
12322711000001108,Morphine 200mg capsules
12212211000001102,Morphine sulfate 20mg/5ml oral solution
12201611000001108,Morphine sulfate 20mg/5ml oral solution
36127111000001104,Morphine 20mg modified-release capsules
36127411000001109,Morphine 50mg modified-release capsules
36125811000001101,Morphine 100mg modified-release capsules
12143911000001109,Morphine sulfate 75mg/5ml oral solution
12142911000001102,Morphine sulfate 75mg/5ml oral solution
36126411000001107,Morphine 10mg modified-release capsules
36127211000001105,Morphine 30mg modified-release capsules
36127611000001107,Morphine 60mg modified-release capsules
36126911000001104,Morphine 200mg modified-release capsules
12185911000001104,Morphine sulfate 1g/5ml oral solution
12153411000001104,Morphine sulfate 1g/5ml oral solution
12143811000001104,Morphine sulfate 60mg/5ml oral solution
12143211000001100,Morphine sulfate 60mg/5ml oral solution
12186311000001105,Morphine sulfate 30mg/5ml oral solution
12149011000001108,Morphine sulfate 30mg/5ml oral solution
12144011000001107,Morphine sulfate 80mg/5ml oral solution
12142611000001108,Morphine sulfate 80mg/5ml oral solution
12186211000001102,Morphine sulfate 3.35mg/5ml oral solution
12151111000001108,Morphine sulfate 3.35mg/5ml oral solution
12300511000001109,Morphine sulfate 500micrograms/5ml oral solution
12247011000001101,Morphine sulfate 500micrograms/5ml oral solution
12186511000001104,Morphine sulfate 40mg/5ml oral solution
12148011000001103,Morphine sulfate 40mg/5ml oral solution
12186111000001108,Morphine sulfate 2mg/5ml oral solution
12151411000001103,Morphine sulfate 2mg/5ml oral solution
12185811000001109,Morphine sulfate 1.5mg/5ml oral solution
12156211000001105,Morphine sulfate 1.5mg/5ml oral solution
12186011000001107,Morphine sulfate 1mg/5ml oral solution
12152411000001108,Morphine sulfate 1mg/5ml oral solution
12186411000001103,Morphine sulfate 3mg/5ml oral solution
12148311000001100,Morphine sulfate 3mg/5ml oral solution
3521311000001108,Morphine sulfate 10mg/5ml oral solution unit dose vials sugar free
19796111000001108,Morphine sulfate 10mg/5ml oral solution unit dose vials sugar free
40491811000001100,Morphine 2.5mg orodispersible tablets sugar free
40491611000001104,Morphine 10mg orodispersible tablets sugar free
40491711000001108,Morphine 1mg orodispersible tablets sugar free
40491911000001105,Morphine 20mg orodispersible tablets sugar free
40492011000001103,Morphine 30mg orodispersible tablets sugar free
40492111000001102,Morphine 5mg orodispersible tablets sugar free
3077711000001104,MST Continus 10mg tablets
3078711000001103,MST Continus 30mg tablets
2883211000001103,MST Continus 60mg tablets
2883611000001101,MST Continus 100mg tablets
394011000001106,MST Continus 200mg tablets
4379311000001107,MST Continus suspension 20mg granules sachets
4380011000001109,MST Continus suspension 30mg granules sachets
4088311000001108,MST Continus suspension 60mg granules sachets
4088611000001103,MST Continus suspension 100mg granules sachets
4089211000001105,MST Continus suspension 200mg granules sachets
922411000001105,MST Continus 5mg tablets
272811000001105,MST Continus 15mg tablets
3453511000001105,Oramorph 20mg/ml concentrated oral solution
3164311000001109,Oramorph 10mg/5ml oral solution
3331611000001103,Oramorph 10mg/5ml oral solution unit dose vials
3609711000001109,Oramorph 30mg/5ml oral solution unit dose vials
3608411000001106,Oramorph 100mg/5ml oral solution unit dose vials
2898611000001107,Sevredol 10mg tablets
3077311000001103,Sevredol 20mg tablets
3079311000001108,Sevredol 50mg tablets
3164111000001107,Sevredol 10mg/5ml oral solution
3451411000001107,Sevredol 20mg/ml concentrated oral solution
3651811000001106,MXL 30mg capsules
3778211000001107,MXL 60mg capsules
3882611000001101,MXL 90mg capsules
3883211000001109,MXL 120mg capsules
3882911000001107,MXL 150mg capsules
4388011000001106,MXL 200mg capsules
3881711000001103,Morcap SR 20mg capsules
4035011000001109,Morcap SR 50mg capsules
3882211000001103,Morcap SR 100mg capsules
3652111000001109,Zomorph 10mg modified-release capsules
3651611000001107,Zomorph 30mg modified-release capsules
3778011000001102,Zomorph 60mg modified-release capsules
3881611000001107,Zomorph 100mg modified-release capsules
4035511000001101,Zomorph 200mg modified-release capsules
3075211000001103,Filnarine SR 10mg tablets
3078911000001101,Filnarine SR 30mg tablets
93411000001103,Filnarine SR 60mg tablets
219511000001108,Filnarine SR 100mg tablets
14930611000001104,Filnarine SR 200mg tablets
4525911000001109,Morphgesic SR 10mg tablets
4526811000001107,Morphgesic SR 30mg tablets
4527211000001108,Morphgesic SR 60mg tablets
4527911000001104,Morphgesic SR 100mg tablets
4526311000001103,Rhotard Morphine SR 10mg tablets
4527011000001103,Rhotard Morphine SR 30mg tablets
4527411000001107,Rhotard Morphine SR 60mg tablets
4528311000001104,Rhotard Morphine SR 100mg tablets
40471711000001100,Actimorph 2.5mg orodispersible tablets
40476111000001105,Actimorph 10mg orodispersible tablets
40467911000001100,Actimorph 1mg orodispersible tablets
40477011000001107,Actimorph 20mg orodispersible tablets
40469911000001107,Actimorph 30mg orodispersible tablets
40479711000001101,Actimorph 5mg orodispersible tablets
322600003,Pentazocine 50mg capsules
3794211000001106,Pentazocine 50mg capsules
3794711000001104,Pentazocine 50mg capsules
3796011000001106,Pentazocine 50mg capsules
24625311000001102,Pentazocine 50mg capsules
37773211000001107,Pentazocine 50mg capsules
26855211000001107,Pentazocine 50mg capsules
3795311000001104,Pentazocine 50mg capsules
39887711000001106,Pentazocine 50mg capsules
15155311000001105,Pentazocine 50mg capsules
3795711000001100,Pentazocine 50mg capsules
3795111000001101,Pentazocine 50mg capsules
322601004,Pentazocine 25mg tablets
3790811000001102,Pentazocine 25mg tablets
3791311000001101,Pentazocine 25mg tablets
3792211000001102,Pentazocine 25mg tablets
37773411000001106,Pentazocine 25mg tablets
4743711000001108,Pentazocine 25mg tablets
39178011000001106,Pentazocine 25mg tablets
18167711000001104,Pentazocine 25mg tablets
15155111000001108,Pentazocine 25mg tablets
3791611000001106,Pentazocine 25mg tablets
21844911000001103,Pentazocine 25mg tablets
3791911000001100,Pentazocine 25mg tablets
3792511000001104,Fortral 25mg tablets
39702511000001101,Pethidine 50mg tablets
269811000001107,Pethidine 50mg tablets
313711000001105,Pethidine 50mg tablets
27996011000001107,Pethidine 50mg tablets
30076111000001101,Pethidine 50mg tablets
38956411000001100,Pethidine 50mg tablets
257811000001105,Pethidine 50mg tablets
39186011000001103,Pethidine 50mg tablets
21666011000001107,Pethidine 50mg tablets
12212611000001100,Pethidine 25mg/5ml oral solution
12202111000001105,Pethidine 25mg/5ml oral solution
12106611000001104,Pethidine 50mg/5ml oral solution
12104411000001105,Pethidine 50mg/5ml oral solution
12104711000001104,Pethidine 10mg/5ml oral solution
12102911000001106,Pethidine 10mg/5ml oral solution
12106411000001102,Pethidine 40mg/5ml oral solution
12103811000001109,Pethidine 40mg/5ml oral solution
12106211000001101,Pethidine 30mg/5ml oral solution
12103211000001108,Pethidine 30mg/5ml oral solution
12106511000001103,Pethidine 45mg/5ml oral solution
12104111000001100,Pethidine 45mg/5ml oral solution
12106311000001109,Pethidine 35mg/5ml oral solution
12103511000001106,Pethidine 35mg/5ml oral solution
12303411000001102,Pethidine 50mg capsules
12247311000001103,Pethidine 50mg capsules
3546911000001102,Generic Migraleve Pink tablets
3361311000001102,Migraleve Pink tablets
36045211000001108,Ibuprofen 300mg modified-release / Codeine 20mg tablets
329683004,Ibuprofen 200mg / Codeine 12.8mg tablets
3915411000001104,Nurofen Plus tablets
3420111000001109,Codafen Continus tablets
8092711000001106,Cuprofen PLUS tablets
3916211000001109,Solpaflex tablets
31004511000001103,Boots Ibuprofen and Codeine 200mg/12.8mg tablets
10194911000001107,Solpadeine Migraine Ibuprofen & Codeine tablets
317359005,VMP previous to 39707511000001103
317382007,VMP previous to 14610811000001109
320957002,VMP previous to 15065911000001106
320959004,VMP previous to 35370211000001104
320962001,VMP previous to 38896411000001100
320970006,VMP previous to 36123011000001106
320988003,VMP previous to 36049111000001100
322310004,VMP previous to 39695111000001108
322312007,VMP previous to 39690311000001103
322440003,VMP previous to 36128311000001101
322486001,VMP previous to 36127911000001101
322505002,VMP previous to 36566111000001100
322539003,VMP previous to 39708511000001104
322540001,VMP previous to 36098611000001109
322546007,VMP previous to 39112411000001109
322550000,VMP previous to 39112511000001108
322551001,VMP previous to 39112611000001107
322553003,VMP previous to 39708711000001109
322556006,VMP previous to 39689711000001107
322612004,VMP previous to 39702511000001101
322626008,VMP previous to 35920311000001103
322627004,VMP previous to 35920611000001108
322628009,VMP previous to 35920811000001107
322633008,VMP previous to 39714911000001102
322636000,VMP previous to 35940111000001103
322637009,VMP previous to 35920211000001106
322638004,VMP previous to 35920511000001109
322639007,VMP previous to 35920711000001104
322662009,VMP previous to 35921211000001100
322663004,VMP previous to 35920911000001102
322664005,VMP previous to 35921011000001105
322669000,VMP previous to 36057411000001103
322670004,VMP previous to 36057611000001100
322671000,VMP previous to 36057711000001109
322672007,VMP previous to 36057211000001102
322673002,VMP previous to 36057311000001105
322689004,VMP previous to 36131211000001102
322690008,VMP previous to 36130011000001103
322694004,VMP previous to 36129511000001101
322695003,VMP previous to 36130411000001107
322696002,VMP previous to 36130911000001104
322697006,VMP previous to 36131511000001104
322710001,VMP previous to 36127511000001108
322711002,VMP previous to 36126511000001106
322712009,VMP previous to 36126811000001109
322713004,VMP previous to 36127311000001102
322714005,VMP previous to 36127711000001103
322715006,VMP previous to 36126211000001108
322716007,VMP previous to 36127011000001100
322720006,VMP previous to 36126411000001107
322721005,VMP previous to 36127211000001105
322722003,VMP previous to 36127611000001107
322723008,VMP previous to 36125811000001101
322730002,VMP previous to 36127811000001106
322731003,VMP previous to 36126611000001105
322732005,VMP previous to 36126711000001101
322733000,VMP previous to 36126911000001104
322741000,VMP previous to 36127111000001104
322742007,VMP previous to 36127411000001109
322761006,VMP previous to 36128611000001106
329713000,VMP previous to 36045211000001108
35921111000001106,VMP previous to 322623000
407919006,VMP previous to 36131011000001107
444885002,VMP previous to 36130711000001101
444958008,VMP previous to 36130211000001108
445146000,VMP previous to 36131311000001105
42009411000001103,VMP subsequent to 322379008
42009511000001104,VMP subsequent to 322366004
42009611000001100,VMP subsequent to 322323006
42009711000001109,VMP subsequent to 322365000
42009811000001101,VMP subsequent to 322341003
42009911000001106,VMP subsequent to 322325004
42010011000001101,VMP subsequent to 322344006
42010111000001100,VMP subsequent to 322343000
42010211000001106,VMP subsequent to 322307006
42010311000001103,VMP subsequent to 322502004
42010411000001105,VMP subsequent to 322503009
42010511000001109,VMP subsequent to 322504003
42010611000001108,VMP subsequent to 322311000
42010711000001104,VMP subsequent to 322367008
42010811000001107,VMP subsequent to 322368003
42010911000001102,VMP subsequent to 322515008
42011011000001105,VMP subsequent to 322514007
42011111000001106,VMP subsequent to 322519002
42011411000001101,VMP subsequent to 322522000
42012811000001108,VMP subsequent to 322665006
42012911000001103,VMP subsequent to 322667003
42014811000001102,VMP subsequent to 322708003
42014911000001107,VMP subsequent to 322709006
42015011000001107,VMP subsequent to 322728004
42015811000001101,VMP subsequent to 322692000
42015911000001106,VMP subsequent to 322693005
42016011000001103,VMP subsequent to 322691007
42016211000001108,VMP subsequent to 322601004
42016311000001100,VMP subsequent to 322600003
42017511000001108,VMP subsequent to 442472008
42017611000001107,VMP subsequent to 442341005
42017711000001103,VMP subsequent to 322646003
42017811000001106,VMP subsequent to 322623000
42017911000001101,VMP subsequent to 322645004
42104611000001105,VMP subsequent to 329683004
